,TP,FP,FN,TN,F1-score,Recall,Precision
1,93,286,95,300,0.20827207121693858,0.24289405684754523,0.21650686929436178
2,52,81,156,485,0.20827207121693858,0.24289405684754523,0.21650686929436178
3,41,186,109,438,0.20827207121693858,0.24289405684754523,0.21650686929436178
4,2,33,226,513,0.20827207121693858,0.24289405684754523,0.21650686929436178
