,TP,FP,FN,TN,F1-score,Recall,Precision
1,153,79,68,480,0.6421884400699579,0.6448717948717949,0.6401494930386339
2,87,89,102,502,0.6421884400699579,0.6448717948717949,0.6401494930386339
3,84,73,77,546,0.6421884400699579,0.6448717948717949,0.6401494930386339
4,179,36,30,535,0.6421884400699579,0.6448717948717949,0.6401494930386339
